,E,S,ES,P
0,1.0,10.0,0.0,0.0
1,0.5971147051432291,9.54701001764323,0.4028852948567709,0.0501046875
2,0.4872793460855987,9.363310526495825,0.5127206539144012,0.12396881958977471
3,0.45844937929912094,9.254010284132953,0.541550620700879,0.2044390951661697
4,0.45205761197689615,9.165526435620015,0.5479423880231038,0.28653117635688385
5,0.45187226164292477,9.083032406486833,0.5481277383570752,0.36883985515609474
6,0.4534054562037712,9.00243314140042,0.5465945437962287,0.4509723148033534
7,0.4554195789706752,8.922601227198426,0.5445804210293248,0.5328183517722516
8,0.4575741656583865,8.843227945855029,0.5424258343416135,0.6143462198033598
9,0.4597757618619593,8.764229879277782,0.5402242381380408,0.6955458825841795
10,0.4619987598120203,8.685585462733773,0.5380012401879798,0.7764132970782492
11,0.46423614515269795,8.607290072545482,0.5357638548473022,0.8569460726072183
12,0.4664859873691742,8.529343712469423,0.5335140126308259,0.9371422748997523
13,0.468747741951239,8.451747644443232,0.531252258048761,1.0170000975080078
14,0.4710212401244574,8.374503468200004,0.5289787598755427,1.096517771924455
15,0.4733064132895489,8.297612870026105,0.5266935867104511,1.1756935432634454
16,0.47560321794906757,8.221077554025479,0.5243967820509324,1.25452566392359
17,0.47791161525376347,8.14489922307613,0.5220883847462365,1.3330123921776338
18,0.4802315654075042,8.069079573292413,0.5197684345924958,1.411151992115092
19,0.48256302610913987,7.993620292148977,0.5174369738908602,1.488942733960164
20,0.48490595209009435,7.918523057592113,0.5150940479099057,1.5663828944979825
21,0.48726029494928363,7.843789537412931,0.5127397050507163,1.6434707575363534
22,0.48962600306889215,7.769421388685793,0.5103739969311079,1.7202046143830996
23,0.49200302155240494,7.695420257218864,0.5079969784475951,1.796582764333541
24,0.4943912921690785,7.621787777002512,0.5056087078309215,1.8726035151665668
25,0.4967907533006198,7.548525569651809,0.5032092466993802,1.9482651836488114
26,0.4992013398889805,7.47563524384225,0.5007986601110195,2.0235660960467308
27,0.5016229833850252,7.403118394738585,0.49837701661497474,2.0985045886464406
28,0.5040556116980605,7.3309766034168735,0.4959443883019395,2.1730790082811873
29,0.5064991491462776,7.259211436279955,0.49350085085372236,2.2472877128663233
30,0.5089535164081803,7.187824444466538,0.4910464835918196,2.321129071941643
31,0.5114186304750734,7.116817163254151,0.4885813695249266,2.3946014672209235
32,0.5138944046046918,7.046191111456183,0.4861055953953081,2.4677032931485092
33,0.516380748276053,6.975947790813294,0.483619251723947,2.5404329574627598
34,0.5188775671456132,6.90608868537944,0.4811224328543867,2.6127888817661735
35,0.5213847630048148,6.836615260902829,0.47861523699518504,2.6847695021019855
36,0.5239022337391079,6.767528964202087,0.4760977662608919,2.756373269537021
37,0.5264298732885341,6.698831222537953,0.47357012671146576,2.8275986507505815
38,0.5289675716099597,6.6305234429808415,0.4710324283900402,2.8984441286291185
39,0.5315152146410478,6.562607011774603,0.4684847853589521,2.9689082028664453
40,0.534072684266058,6.495083293696845,0.4659273157339418,3.0389893905692142
41,0.5366398582835642,6.427953631416182,0.46336014171643564,3.1086862268673827
42,0.5392166103761807,6.36121934484681,0.46078338962381904,3.177997265529372
43,0.5418028100823893,6.294881730500783,0.45819718991761055,3.2469210795816075
44,0.5443983227705561,6.22894206083843,0.4556016772294437,3.315456261932127
45,0.547003009615233,6.163401583617324,0.4529969903847668,3.3836014259979104
46,0.5496167275758312,6.098261521240241,0.45038327242416853,3.4513552063355912
47,0.5522393293777619,6.033523070102581,0.44776067062223796,3.5187162592751817
48,0.554870663496131,5.969187399939697,0.4451293365038689,3.5856832635564353
49,0.5575105741420819,5.905255653174625,0.44248942585791795,3.6522549209674584
50,0.5601589012518725,5.841728944266708,0.43984109874812743,3.7184299569851658
51,0.5628154804787756,5.778608359061612,0.4371845195212243,3.7842071214171655
52,0.5654801431878916,5.7158949541432555,0.43451985681210825,3.849585189044638
53,0.5681527164539565,5.653589756188186,0.43184728354604335,3.9145629602657723
54,0.5708330230622308,5.591693761322933,0.429166976937769,3.9791392617393
55,0.5735208815125521,5.530207934484896,0.4264791184874478,4.043312947027658
56,0.5762161060266295,5.4691332087873255,0.42378389397337035,4.107082897239305
57,0.5789185065586607,5.408470484888972,0.42108149344133916,4.17044802166969
58,0.5816278888093439,5.348220630368967,0.4183721111906559,4.233407258440378
59,0.58434405424336,5.288384479107547,0.4156559457566398,4.295959575135814
60,0.587066800110393,5.228962830673195,0.4129331998896067,4.358103969437199
61,0.5897959194697556,5.169956449716813,0.4102040805302441,4.419839469752944
62,0.5925312012186831,5.11136606537353,0.40746879878131664,4.4811651358451545
63,0.5952724301243548,5.053192370672762,0.4047275698756449,4.542080059451594
64,0.5980193868596982,4.99543602195714,0.4019806131403014,4.60258336490256
65,0.6007718480430274,4.938097638310931,0.39922815195697225,4.6626742097320975
66,0.6035295862815615,4.881177800998574,0.3964704137184381,4.722351785282988
67,0.6062923702188676,4.824677052913965,0.393707629781132,4.781615317304904
68,0.6090599645862624,4.7685958980411085,0.3909400354137372,4.840464066545155
69,0.6118321302582078,4.712934800926778,0.38816786974179185,4.89889732933143
70,0.6146086243117249,4.657694186165805,0.3853913756882748,4.956914438145921
71,0.6173892000898498,4.6028744378996205,0.3826107999101499,5.01451476219023
72,0.6201736072691458,4.548475899328681,0.37982639273085383,5.071697707940466
73,0.6229615919312824,4.494498872239388,0.37703840806871725,5.128462719691894
74,0.6257528966386842,4.440943616546126,0.37424710336131556,5.1848092800925585
75,0.628547260514248,4.387810349849015,0.3714527394857517,5.240736910665234
76,0.6313444193251194,4.335099247007987,0.36865558067488036,5.296245172317133
77,0.6341441055705117,4.282810439733779,0.36585589442948807,5.351333665836733
78,0.6369460485735472,4.230944016196418,0.3630539514264525,5.406002032377129
79,0.6397499745770904,4.179500020651774,0.3602500254229094,5.460249953925317
80,0.6425556068435371,4.128478453086748,0.3574443931564627,5.514077153756789
81,0.6453626657585173,4.077879268883628,0.3546373342414824,5.56748339687489
82,0.6481708689384613,4.027702378504159,0.35182913106153846,5.620468490434302
83,0.6509799313419706,3.97794764719384,0.34902006865802915,5.67303228414813
84,0.653789565384931,3.9286148947069455,0.34621043461506873,5.725174670677985
85,0.6565994810592944,3.8797038950527636,0.34340051894070533,5.77689558600653
86,0.6594093860554507,3.831214376263511,0.34059061394454904,5.828195009791939
87,0.6622189858881037,3.7831460201843714,0.3377810141118961,5.879072965703731
88,0.6650279840255565,3.7354984622860803,0.33497201597444326,5.929529521739475
89,0.6678360820223069,3.6882712915004654,0.33216391797769285,5.979564790521841
90,0.6706429796548429,3.6414640500793154,0.3293570203451569,6.029178929575527
91,0.6734483750605252,3.5950762334769406,0.32655162493947454,6.078372141583584
92,0.6762519648794338,3.549107290256752,0.323748035120566,6.127144674622681
93,0.6790534443990494,3.5035566220221686,0.3209465556009505,6.175496822376879
94,0.6818525077016355,3.4584235833721295,0.3181474922983643,6.223428924329505
95,0.6846488478141792,3.4137074818814677,0.3153511521858206,6.2709413659327105
96,0.6874421568607406,3.3694075781063675,0.31255784313925916,6.318034578754372
97,0.6902321262170598,3.3255230856151003,0.30976787378294,6.364709040601959
98,0.6930184466672582,3.2820531710442076,0.3069815533327416,6.41096527562305
99,0.695800808562472,3.238996954180267,0.30419919143752777,6.456803854382204
100,0.6985789019812432,3.1963535080673466,0.30142109801875655,6.502225393913895
101,0.7013524168914957,3.1541218591402216,0.2986475831085039,6.547230557751273
102,0.704121043313914,3.1123009873834007,0.2958789566860857,6.591820055930512
103,0.7068844714865391,3.070889826515969,0.29311552851346057,6.635994644970569
104,0.7096423920303953,3.0298872642022303,0.29035760796960436,6.679755127828164
105,0.7123944961159522,2.9892921422880945,0.2876055038840474,6.723102353827857
106,0.7151404756302282,2.949103257063127,0.28485952436977136,6.7660372185671
107,0.7178800233443356,2.9093193595481397,0.28211997665566396,6.808560663796195
108,0.7206128330812668,2.869939155808178,0.27938716691873283,6.850673677273088
109,0.7233385998837175,2.830961307290715,0.27666140011628215,6.892377292593001
110,0.7260570201817433,2.7923844311888457,0.2739429798182563,6.933672588992896
111,0.7287677919600419,2.7542071008292277,0.2712322080399577,6.9745606911308125
112,0.7314706149246553,2.7164278460844944,0.2685293850753443,7.015042768840159
113,0.7341651906688834,2.679045153809829,0.2658348093311161,7.055120036859052
114,0.7368512228382044,2.642057468303361,0.26314877716179513,7.094793754534842
115,0.7395284172939914,2.605463191790005,0.2604715827060081,7.134065225503985
116,0.7421964822758242,2.5692606849283575,0.2578035177241753,7.172935797347465
117,0.7448551285621888,2.5334482673402015,0.2551448714378107,7.211406861221986
118,0.7475040696293641,2.498024218162175,0.2524959303706354,7.249479851467188
119,0.7501430218082962,2.4629867766191107,0.24985697819170333,7.287156245189185
120,0.7527717044392621,2.4283341426185325,0.24722829556073733,7.324437561820729
121,0.7553898400241313,2.3940644773657715,0.24461015997586805,7.361325362658359
122,0.7579971543760332,2.360175903999135,0.24200284562396618,7.397821250376897
123,0.7605933767662457,2.326666508244542,0.23940662323375372,7.433926868521703
124,0.763178240068124,2.293534339089011,0.23682175993187554,7.469643900979112
125,0.7657514808978921,2.2607774094723667,0.23424851910210734,7.504974071425525
126,0.768312839752128,2.228393696996515,0.23168716024787148,7.539919142755613
127,0.7708620611417741,2.196381144651605,0.22913793885822542,7.5744809164901685
128,0.7733988937225169,2.1647376615583944,0.22660110627748264,7.608661232164122
129,0.7759230904213812,2.133461123726101,0.22407690957861837,7.64246196669528
130,0.7784344085593925,2.102549374825021,0.22156559144060706,7.675885033734371
131,0.7809326099701696,2.072000226973173,0.21906739002983003,7.708932382996996
132,0.7834174611143137,2.041811461536213,0.2165825388856859,7.7416059995781
133,0.7858887331894715,2.0119808299398567,0.21411126681052803,7.773907903249614
134,0.7883462022359542,1.982506054494042,0.21165379776404536,7.805840147741911
135,0.7907896492378035,1.9533848292280336,0.20921035076219602,7.837404820009769
136,0.793218860219206,1.9246148207356917,0.20678113978079354,7.868604039483513
137,0.7956336263361612,1.8961936690301024,0.20436637366383828,7.899439957306058
138,0.7980337439633215,1.8681189884067668,0.20196625603667798,7.9299147555565535
139,0.8004190147759275,1.840388368314546,0.19958098522407203,7.96003064646138
140,0.8027892458267729,1.8129993742335542,0.1972107541732266,7.989789871593217
141,0.8051442496181416,1.78594954855919,0.19485575038185793,8.01919470105895
142,0.8074838441686665,1.759236411491503,0.19251615583133297,8.048247432677162
143,0.809807853075072,1.7328574619290855,0.19019214692492745,8.076950391145985
144,0.8121161055687668,1.706810178366695,0.18788389443123257,8.105305927202071
145,0.814408436567266,1.6810920197958015,0.18559156343273334,8.133316416771464
146,0.8166846867204275,1.6557004266072788,0.18331531327957187,8.160984260113148
147,0.8189447024514981,1.6306328214954482,0.18105529754850125,8.18831188095605
148,0.821188335992973,1.6058866103627043,0.17881166400702625,8.215301725630269
149,0.8234154454172795,1.5814591832239557,0.17658455458271977,8.241956262193325
150,0.8256258946623052,1.557347915110126,0.17437410533769407,8.268277979552181
151,0.8278195535517999,1.5335501669699716,0.17218044644819933,8.29426938658183
152,0.8299962978106862,1.5100632865694876,0.17000370218931304,8.3199330112412
153,0.8321560090753227,1.4868846093881822,0.16784399092467656,8.345271399687142
154,0.8342985748987723,1.4640114595115212,0.1657014251012269,8.370287115387253
155,0.8364238887511335,1.4414411505188536,0.16357611124886576,8.394982738232281
156,0.8385318500149999,1.4191709863661504,0.16146814998499942,8.419360863648851
157,0.8406223639761222,1.3971982622629024,0.15937763602387706,8.443424101713221
158,0.8426953418093509,1.3755202655425434,0.15730465819064843,8.467175076266809
159,0.8447507005599438,1.3541342765257809,0.15524929944005547,8.490616424034165
160,0.8467883631203328,1.3330375693762402,0.1532116368796665,8.513750793744094
161,0.8488082582024432,1.3122274129478415,0.151191741797556,8.536580845254603
162,0.8508103203056712,1.2917010716233555,0.14918967969432806,8.559109248682317
163,0.8527944896806241,1.271455806143599,0.14720551031937518,8.581338683537027
164,0.8547607122887375,1.2514888744267587,0.14523928771126182,8.60327183786198
165,0.8567089397578842,1.2317975323773456,0.14329106024211516,8.624911407380539
166,0.858639129334096,1.2123790346843117,0.1413608706659033,8.646260094649785
167,0.8605512438295226,1.193230635607878,0.13944875617047667,8.667320608221646
168,0.8624452515667541,1.1743495897546437,0.13755474843324517,8.688095661812111
169,0.8643211263196385,1.1557331528405776,0.13567887368036072,8.708587973479062
170,0.8661788472507272,1.1373785824415026,0.13382115274927203,8.728800264809227
171,0.8680183988454832,1.119283138730715,0.13198160115451615,8.74873526011477
172,0.8698397708433901,1.1014440852034044,0.13016022915660916,8.768395685639987
173,0.8716429581661022,1.0838586893875535,0.12835704183389712,8.78778426877855
174,0.8734279608427726,1.0665242235410282,0.12657203915722662,8.806903737301745
175,0.8751947839327063,1.0494379653345867,0.12480521606729295,8.825756818598121
176,0.876943437445475,1.0325971985205582,0.12305656255452434,8.844346238924919
177,0.8786739362586407,1.0159992135869655,0.12132606374135864,8.862674722671677
178,0.8803863000332293,0.9996413083968848,0.11961369996677006,8.880744991636346
179,0.8820805531270964,0.9835207888128599,0.11791944687290289,8.89855976431424
180,0.8837567245063294,0.9676349693062073,0.11624327549366997,8.916121755200125
181,0.8854148476548253,0.9519811735510706,0.11458515234517405,8.933433674103759
182,0.887054960482188,0.9365567350031003,0.11294503951781133,8.950498225479091
183,0.8886771052300817,0.9213589974626594,0.1113228947699176,8.967318107767426
184,0.8902813283771807,0.9063853156224692,0.1097186716228186,8.983896012754714
185,0.8918676805428508,0.8916330555996341,0.10813231945714846,9.00023462494322
186,0.8934362163896984,0.8770995954519983,0.10656378361030092,9.016336620937704
187,0.8949869945251181,0.8627823256788072,0.1050130054748812,9.032204668846315
188,0.8965200774019715,0.8486786497056645,0.10347992259802778,9.047841427696312
189,0.8980355312185231,0.8347859843537921,0.1019644687814762,9.063249546864736
190,0.8995334258177599,0.8211017602936151,0.10046657418223946,9.07843166552415
191,0.9010138345862172,0.8076234224827131,0.09898616541378215,9.09339041210351
192,0.9024768343524306,0.7943484305881913,0.09752316564756872,9.108128403764246
193,0.9039225052851305,0.7812742593935411,0.09607749471486889,9.122648245891595
194,0.9053509307912929,0.7683983991900756,0.09464906920870644,9.136952531601223
195,0.9067621974141583,0.755718356153034,0.09323780258584109,9.15104384126113
196,0.9081563947313234,0.7432316527024685,0.09184360526867598,9.16492474202886
197,0.9095336152530121,0.7309358278490349,0.09046638474698723,9.178597787403984
198,0.9108939543206243,0.7188284375248211,0.0891060456793751,9.19206551679581
199,0.9122375100056593,0.7069070548993609,0.08776248999434,9.205330455106305
200,0.9135643830091092,0.6951692706809882,0.08643561699089007,9.218395112328126
201,0.9148746765614084,0.6836126934036986,0.0851253234385909,9.231261983157715
202,0.9161684963230282,0.6722349496996948,0.08383150367697115,9.243933546623339
203,0.9174459502857972,0.6610336845578014,0.0825540497142021,9.256412265728
204,0.918707148675027,0.650006561567941,0.08129285132497228,9.26870058710709
205,0.9199522038525169,0.6391512631518745,0.08004779614748242,9.280800940700647
206,0.9211812302205099,0.6284654907804135,0.07881876977948934,9.292715739440101
207,0.9223943441266679,0.6179469651773195,0.07760565587333142,9.304447378949353
208,0.9235916637701279,0.6075934265101138,0.07640833622987135,9.315998237260018
209,0.9247733091087029,0.5974026345680219,0.0752266908912964,9.327370674540685
210,0.9259394017672805,0.5873723689272877,0.07406059823271881,9.338567032839997
211,0.9270900649474756,0.5775004291040934,0.07290993505252374,9.349589635843387
212,0.9282254233385847,0.5677846346953266,0.07177457666141467,9.360440788643263
213,0.9293456030298893,0.5582228255074402,0.07065439697011001,9.371122777522455
214,0.9304507314243509,0.5488128616736526,0.06954926857564853,9.381637869750705
215,0.9315409371537361,0.5395526237597407,0.06845906284626325,9.391988313394002
216,0.932616349995211,0.530440012858678,0.06738365000478834,9.40217633713654
217,0.9336771007894341,0.5214729506743754,0.06632289921056529,9.412204150115066
218,0.9347233213601807,0.5126493795947792,0.06527667863981877,9.422073941765408
219,0.9357551444355244,0.5039672627545889,0.06424485556447496,9.431787881680942
220,0.9367727035706009,0.49542458408785006,0.06322729642939849,9.441348119482758
221,0.9377761330719725,0.487019348370685,0.062223866928026894,9.450756784701294
222,0.9387655679236153,0.4787495812544206,0.061234432076384085,9.460015986669202
223,0.939741143714542,0.4706133292893727,0.0602588562854574,9.469127814425176
224,0.9407029965680743,0.46260865993954764,0.05929700343192503,9.478094336628534
225,0.9416512630727759,0.4547336615885185,0.058348736927223484,9.486917601484263
226,0.9425860802150524,0.4469864435367349,0.05741391978494693,9.495599636678323
227,0.9435075853134266,0.4393651359905215,0.05649241468657276,9.504142449322911
228,0.9444159159544895,0.43186789004302173,0.05558408404550989,9.512548025911475
229,0.9453112099305309,0.4244928776473374,0.05468879006946852,9.5208183322832
230,0.9461936051788472,0.41723829158211756,0.05380639482115213,9.528955313596736
231,0.9470632397227249,0.4101023454098438,0.05293676027727445,9.536960894312887
232,0.9479202516140932,0.40308327342805866,0.05207974838590612,9.54483697818604
233,0.9487647788778419,0.3961793306137811,0.0512352211221574,9.552585448264066
234,0.9495969594577941,0.3893887925613491,0.050403040542205194,9.56020816689645
235,0.9504169311643251,0.38270995541392855,0.04958306883567412,9.5677069757504
236,0.9512248316236163,0.37614113578892144,0.048775168376382974,9.5750836958347
237,0.9520207982285299,0.3696806706975064,0.047979201771469374,9.582340127531028
238,0.9528049680910926,0.36332691745853857,0.04719503190890673,9.589478050632557
239,0.9535774779965703,0.35707825360703405,0.04642252200342906,9.59649922438954
240,0.9543384643591193,0.3509330767974594,0.04566153564088014,9.603405387561663
241,0.9550880631789945,0.3448898047020437,0.04491193682100492,9.610198258476954
242,0.9558264100012974,0.3389468749043267,0.04417358999870204,9.616879535096974
243,0.9565536398762424,0.333102744788152,0.043446360123757036,9.623450895088094
244,0.9572698873209221,0.3273558914223119,0.042730112679077316,9.629913995898614
245,0.9579752862825494,0.32170481144104474,0.04202471371745005,9.636270474841508
246,0.9586699701031538,0.31614802092058214,0.04133002989684562,9.642521949182575
247,0.9593540714857101,0.3106840552519408,0.040645928514289394,9.648670016233773
248,0.9600277224616739,0.30531146901014666,0.03997227753832559,9.65471625345153
249,0.9606910543599021,0.3000288358200777,0.039308945640097404,9.660662218539828
250,0.9613441977769314,0.294834748219106,0.0386558022230681,9.666509449557829
251,0.9619872825485912,0.2897278175167155,0.038012717451408246,9.672259465031878
252,0.9626204377229248,0.2847066736512691,0.037379562277074646,9.677913764071658
253,0.9632437915343925,0.27976996504409224,0.03675620846560689,9.683473826490303
254,0.9638574713793318,0.27491635845103807,0.03614252862066768,9.688941112928296
255,0.964461603792646,0.2701445388116937,0.0355383962073534,9.694317064980954
256,0.9650563144256978,0.26545320909638404,0.034943685574301546,9.699603105329315
257,0.9656417280253776,0.2608410901511239,0.034358271974621796,9.704800637874255
258,0.9662179684143218,0.2563069205406669,0.03378203158567755,9.709911047873657
259,0.9667851584722544,0.2518494563897941,0.03321484152774499,9.714935702082462
260,0.9673434201184229,0.24746747122298182,0.03265657988157649,9.719875948895442
261,0.9678928742951038,0.2431597558025842,0.032107125704895496,9.724733118492521
262,0.9684336409521498,0.2389251179656616,0.03156635904784961,9.729508522986489
263,0.9689658390325505,0.23476238245958245,0.03103416096744886,9.734203456572969
264,0.9694895864589835,0.23067039077652196,0.0305104135410158,9.738819195682462
265,0.9700050001213253,0.22664800098697732,0.02999499987867404,9.743356999134349
266,0.9705121958650977,0.22269408757241538,0.02948780413490157,9.747818108292684
267,0.9710112884808241,0.2188075412571646,0.028988711519175207,9.75220374722366
268,0.9715023916942672,0.21498726883966005,0.028497608305732045,9.756515122854609
269,0.9719856181575255,0.21123219302314591,0.028014381842473752,9.76075342513438
270,0.97246107944096,0.20754125224593667,0.027538920559039164,9.764919827195024
271,0.9729288860259289,0.20391340051133483,0.02707111397407041,9.769015485514595
272,0.9733891472983017,0.2003476072172991,0.026610852701697493,9.773041540081003
273,0.9738419715427333,0.196842856985954,0.026158028457265937,9.77699911455678
274,0.9742874659376676,0.19339814949302817,0.025712534062331725,9.78088931644464
275,0.9747257365510518,0.19001249929730585,0.025274263448947527,9.784713237253746
276,0.9751568883367355,0.18668493567017203,0.02484311166326372,9.788471952666564
277,0.9755810251315318,0.1834145024253296,0.024418974868467475,9.792166522706202
278,0.9759982496529166,0.18020025774876294,0.02400175034708265,9.795797991904154
279,0.9764086634973462,0.1770412740290197,0.02359133650265301,9.799367389468326
280,0.9768123671391685,0.17393663768787979,0.02318763286083075,9.802875729451289
281,0.9772094599301073,0.17088544901147734,0.02279054006989199,9.80632401091863
282,0.9776000400992989,0.1678868219819388,0.022399959900700456,9.80971321811736
283,0.9779842047538592,0.16493988410959756,0.022015795246140196,9.813044320644261
284,0.9783620498799617,0.16204377626584282,0.021637950120037674,9.816318273614119
285,0.9787336703444061,0.15919765251665785,0.02126632965559326,9.819536017827748
286,0.9790991598966576,0.15640067995690018,0.020900840103341648,9.822698479939756
287,0.9794586111713389,0.1536520385453738,0.020541388828660335,9.825806572625964
288,0.9798121156911545,0.15095092094074097,0.020187884308844852,9.828861194750413
289,0.9801597638702303,0.14829653233831938,0.01984023612976903,9.83186323153191
290,0.9805016450178512,0.14568809030780702,0.01949835498214813,9.834813554710044
291,0.9808378473425771,0.1431248246319763,0.01916215265742226,9.8377130227106
292,0.9811684579567223,0.1406059771463756,0.018831542043277097,9.840562480810346
293,0.981493562881181,0.1381308015800753,0.01850643711881841,9.843362761301105
294,0.9818132470505827,0.13569856339749226,0.018186752949416622,9.84611468365309
295,0.9821275943187623,0.13330853964132594,0.01787240568123707,9.848819054677435
296,0.9824366874645281,0.1309600187766365,0.017563312535471328,9.85147666868789
297,0.9827406081977149,0.12865230053609356,0.01725939180228444,9.85408830766162
298,0.9830394371655068,0.12638469576642322,0.016960562834492616,9.856654741399081
299,0.9833332539590139,0.12415652627607793,0.01666674604098544,9.859176727682934
300,0.983622137120093,0.1219671246841532,0.016377862879906308,9.861655012435937
301,0.983906164148395,0.11981583427057314,0.016093835851604364,9.86409032987782
302,0.9841854115086285,0.11770200882756497,0.01581458849137091,9.866483402681062
303,0.9844599546380267,0.11562501251244162,0.015540045361972713,9.868834942125584
304,0.984729867954005,0.11358421970170962,0.015270132045994478,9.871145648252295
305,0.9849952248619973,0.11157901484651837,0.015004775138002163,9.873416210015478
306,0.9852560977634609,0.10960879232946535,0.014743902236538613,9.875647305433993
307,0.985512558064037,0.10767295632277048,0.014487441935962533,9.877839601741265
308,0.985764676181858,0.1057709206478317,0.01423532381814151,9.879993755534024
309,0.9860125215559901,0.10390210863617254,0.013987478444009433,9.882110412919815
310,0.9862561626550012,0.10206595299179116,0.013743837344998323,9.884190209663208
311,0.9864956669856453,0.1002618956549194,0.013504333014354246,9.886233771330724
312,0.9867311011016529,0.09848938766719906,0.013268898898346648,9.888241713434452
313,0.9869625306126193,0.09674788903828188,0.013037469387380167,9.890214641574335
314,0.9871900201929819,0.09503686861385821,0.012809979807017601,9.892153151579121
315,0.987413633591077,0.09335580394511887,0.01258636640892246,9.894057829645956
316,0.9876334336382703,0.09170418115965351,0.012366566361729196,9.895929252478615
317,0.9878494822581505,0.0900814948337878,0.012150517741848924,9.897767987424361
318,0.9880618404757813,0.08848724786636121,0.011938159524218154,9.899574592609419
319,0.9882705684270017,0.086920951353946,0.011729431572997773,9.901349617073054
320,0.9884757253677702,0.08538212446750741,0.011524274632229253,9.903093600900261
321,0.9886773696835447,0.08387029433050446,0.011322630316454772,9.90480707535304
322,0.9888755588986917,0.08238499589842943,0.0111244411013077,9.906490563000261
323,0.9890703496859198,0.08092577183978428,0.010929650314079623,9.908144577846134
324,0.9892617978757295,0.07949217241849081,0.010738202124269836,9.909769625457237
325,0.9894499584658764,0.07808375537773125,0.010550041534123034,9.911366203088143
326,0.9896348856308388,0.07670008582521506,0.010365114369160608,9.91293479980562
327,0.9898166327312886,0.07534073611986736,0.010183367268710823,9.914475896611417
328,0.9899952523235566,0.07400528575993374,0.010004747676442867,9.915989966563618
329,0.9901707961690899,0.0726933212724957,0.009829203830909555,9.91747747489659
330,0.9903433152438962,0.07140443610439046,0.009656684756103295,9.918938879139501
331,0.9905128597479698,0.07013823051452857,0.00948714025202967,9.920374629233438
332,0.9906794791146967,0.06889431146760205,0.00932052088530282,9.92178516764709
333,0.9908432220202329,0.06767229252917557,0.009156777979766625,9.923170929491054
334,0.991004136392854,0.06647179376215263,0.008995863607145478,9.924532342630698
335,0.9911622694222713,0.06529244162460858,0.008837730577728256,9.92586982779766
336,0.9913176675689106,0.06413386886898159,0.008682332431088957,9.927183798699927
337,0.9914703765731523,0.0629957144426127,0.008529623426847254,9.928474662130538
338,0.9916204414645274,0.0618776233896256,0.008379558535472077,9.929742818074901
339,0.9917679065708683,0.06077924675413637,0.00823209342913119,9.930988659816732
340,0.99191281552741,0.05970024148478354,0.008087184472589519,9.932212574042627
341,0.9920552112858405,0.058640270340568026,0.007944788714158907,9.933414940945273
342,0.9921951361232977,0.057599001797992794,0.007804863876701781,9.934596134325306
343,0.9923326316513084,0.05657610995949145,0.007667368348691085,9.935756521691818
344,0.9924677388246708,0.055571274463135,0.007532261175328707,9.936896464361537
345,0.9926004979502749,0.05458418039360577,0.007399502049724489,9.93801631755667
346,0.9927309486958616,0.053614518194427224,0.007269051304137791,9.939116430501436
347,0.992859130098716,0.0526619835814384,0.007140869901283438,9.94019714651728
348,0.9929850805742956,0.05172627745750134,0.007014919425703792,9.941258803116796
349,0.9931088379247908,0.05080710582843,0.006891162075208548,9.942301732096363
350,0.9932304393476156,0.049904179720128714,0.006769560652383758,9.943326259627488
351,0.9933499214438278,0.049017215096928426,0.006650078556171489,9.9443327063469
352,0.9934673202264779,0.048145932781108715,0.006532679773521396,9.94532138744537
353,0.9935826711288839,0.04729005837359345,0.0064173288711154115,9.946292612755292
354,0.9936960090128326,0.04644932217580799,0.006303990987166659,9.947246686837026
355,0.9938073681767057,0.04562345911268568,0.006192631823293591,9.94818390906402
356,0.993916782363529,0.044812208656811396,0.006083217636470289,9.949104573706718
357,0.9940242847689456,0.04401531475368977,0.005975715231053747,9.950008970015256
358,0.9941299080491104,0.043232525748125736,0.0058700919508889145,9.950897382300985
359,0.9942336843285071,0.042463594311705065,0.005766315671492169,9.951770090016803
360,0.9943356452076855,0.041708277371362346,0.00566435479231384,9.952627367836323
361,0.994435821770919,0.04096633603902412,0.005564178229080288,9.953469485731894
362,0.9945342445937833,0.040237535542314636,0.0054657554062160505,9.954296709051468
363,0.9946309437506529,0.03952164515631178,0.005369056249346412,9.95510929859434
364,0.9947259488221185,0.038818438136340845,0.00527405117788077,9.955907510685778
365,0.9948192889023222,0.038127691651793645,0.005180711097677052,9.95669159725053
366,0.9949109926062119,0.03744918672096054,0.0050890073937874146,9.957461805885252
367,0.9950010880767138,0.03678270814686312,0.004998911923285386,9.958218379929852
368,0.9950896029918247,0.03612804445407517,0.004910397008174565,9.95896155853775
369,0.9951765645716203,0.035484987826519473,0.004823435428378938,9.9596915767451
370,0.9952619995851844,0.034853334046228444,0.004738000414814824,9.960408665538957
371,0.9953459343574548,0.03423288243305621,0.004654065642544414,9.9611130519244
372,0.9954283947759883,0.033623435785329975,0.00457160522401084,9.96180495899066
373,0.9955094062976445,0.033024800321428724,0.004490593702354633,9.962484605976218
374,0.9955889939551877,0.032436785622276997,0.004411006044811437,9.963152208332913
375,0.9956671823638085,0.031859204574741985,0.004332817636190757,9.963807977789068
376,0.9957439957275637,0.03129187331592188,0.00425600427243553,9.964452122411643
377,0.995819457845737,0.030734611178313692,0.004180542154262239,9.965084846667425
378,0.995893592119118,0.030187240635848846,0.004106407880881277,9.965706351483272
379,0.9959664215562021,0.02964958725078471,0.004033578443797229,9.96631683430542
380,0.9960379687793106,0.029121479621440637,0.003962031220688711,9.966916489157873
381,0.9961082560306319,0.028602749330766876,0.00389174396936738,9.967505506699867
382,0.9961773051781836,0.02809323089573496,0.003822694821815708,9.968084074282451
383,0.9962451377216962,0.02759276171753824,0.0037548622783030736,9.968652376004162
384,0.9963117747984196,0.02710118203259132,0.0036882252015797107,9.969210592765831
385,0.9963772371888513,0.026618334864317153,0.0036227628111480405,9.969758902324537
386,0.9964415453223885,0.02614406597571086,0.0035584546776108745,9.97029747934668
387,0.9965047192829034,0.0256782238226692,0.0034952807170959667,9.970826495460237
388,0.996566778814243,0.02522065950807485,0.0034332211857563784,9.97134611930617
389,0.9966277433256533,0.024771226736624748,0.0033722566743460947,9.971856516589032
390,0.9966876318971291,0.024329781770391804,0.003312368102870317,9.972357850126741
391,0.9967464632846895,0.0238961833851094,0.003253536715309847,9.972850279899584
392,0.9968042559255804,0.023470292827168244,0.0031957440744189583,9.973333963098415
393,0.9968610279434033,0.023051973771315182,0.003138972056596139,9.973809054172092
394,0.9969167971531723,0.022641092279043738,0.0030832028468270782,9.974275704874133
395,0.9969715810663001,0.02223751675766623,0.0030284189336992626,9.974734064308638
396,0.9970253968955118,0.021841117920057385,0.002974603104487532,9.975184278975458
397,0.9970782615596895,0.02145176874505955,0.002921738440309936,9.975626492814634
398,0.9971301916886461,0.021069344438539653,0.0028698083113532307,9.97606084725011
399,0.997181203627832,0.020693722395088206,0.0028187963721673375,9.976487481232748
400,0.9972313134429712,0.020324782160350705,0.0027686865570280906,9.976906531282625
401,0.9972805369246317,0.01996240539398195,0.00271946307536758,9.977318131530653
402,0.9973288895927279,0.019606475833213892,0.002671110407271406,9.977722413759517
403,0.9973763867009572,0.019256879257027668,0.002623613299042146,9.978119507443934
404,0.997423043241171,0.018913503450920726,0.0025769567588283327,9.978509539790254
405,0.9974688739476811,0.018576238172259896,0.0025311260523182425,9.978892635775425
406,0.9975138933015016,0.018244975116211478,0.0024861066984977866,9.979268918185294
407,0.9975581155345277,0.017919607882239494,0.002441884465471798,9.979638507652293
408,0.9976015546336515,0.017600031941163358,0.0023984453663479987,9.980001522692493
409,0.9976442243448166,0.017286144602766305,0.002355775655182942,9.980358079742055
410,0.9976861381770104,0.016977844983946094,0.00231386182298921,9.98070829319307
411,0.9977273094061964,0.016675033977399504,0.0022726905938031624,9.981052275428802
412,0.997767751079187,0.016377614220832375,0.0022322489208125083,9.981390136858359
413,0.9978074760174566,0.016085490066686917,0.0021925239825430053,9.981721985950774
414,0.997846496820896,0.015798567552378243,0.002153503179103563,9.982047929268521
415,0.9978848258715105,0.015516754371032096,0.0021151741284890393,9.982368071500481
416,0.9979224753370595,0.015239959842715884,0.0020775246629400304,9.982682515494346
417,0.9979594571746405,0.014968094886155242,0.0020405428253589325,9.982991362288487
418,0.9979957831342179,0.014701071990928434,0.002004216865781583,9.98329471114329
419,0.9980314647620957,0.014438805190131014,0.00196853523790377,9.983592659571967
420,0.9980665134043376,0.01418121003350326,0.0019334865956619133,9.983885303370837
421,0.9981009402101323,0.013928203561013033,0.0018990597898672198,9.984172736649121
422,0.9981347561351069,0.01367970427688674,0.0018652438648926184,9.984455051858221
423,0.9981679719445877,0.013435632124081272,0.0018320280554117866,9.984732339820507
424,0.99820059821681,0.013195908459189812,0.0017994017831895785,9.98500468975762
425,0.9982326453460764,0.01296045602777454,0.001767354653923176,9.985272189318302
426,0.9982641235458662,0.012729198940119372,0.001735876454133283,9.985534924605746
427,0.9982950428518949,0.012502062647395935,0.0017049571481046872,9.985792980204499
428,0.998325413125124,0.012278973918236092,0.0016745868748755247,9.986046439206888
429,0.998355244054725,0.012059860815704437,0.0016447559452745777,9.986295383239021
430,0.9983845451609936,0.011844652674664257,0.0016154548390059492,9.98653989248633
431,0.9984133257982191,0.011633280079530559,0.00158667420178046,9.98678004571869
432,0.9984415951575064,0.011425674842403848,0.0015584048424931143,9.987015920315105
433,0.9984693622695535,0.011221769981578453,0.0015306377304459976,9.987247592287979
434,0.9984966360073836,0.011021499700419251,0.0015033639926159592,9.987475136306967
435,0.9985234250890331,0.01082479936660077,0.0014765749109664531,9.987698625722436
436,0.9985497380801966,0.010631605491702716,0.0014502619198029064,9.987918132588497
437,0.9985755833968286,0.010441855711156058,0.0014244166031709918,9.988133727685677
438,0.9986009693077024,0.010255488764533905,0.0013990306922971945,9.988345480543172
439,0.9986259039369285,0.010072444476181492,0.0013740960630710536,9.98855345946075
440,0.9986503952664311,0.009892663736179653,0.0013496047335684821,9.988757731530255
441,0.9986744511383839,0.00971608848163629,0.0013255488616155642,9.988958362656751
442,0.9986980792576072,0.009542661678300373,0.0013019207423922343,9.98915541757931
443,0.9987212871939242,0.009372327302493155,0.001278712806075257,9.989348959891434
444,0.9987440823844795,0.009205030323351295,0.0012559176155199255,9.989539052061131
445,0.9987664721360195,0.009040716685376714,0.0012335278639799023,9.989725755450646
446,0.9987884636271348,0.008879333291288092,0.0012115363728646379,9.98990913033585
447,0.9988100639104657,0.008720827985168924,0.0011899360895338063,9.9900892359253
448,0.9988312799148713,0.008565149535907236,0.0011687200851281969,9.990266130378966
449,0.9988521184475629,0.008412247620922042,0.0011478815524365205,9.990439870826643
450,0.9988725861962019,0.008262072810171757,0.0011274138037975826,9.990610513386033
451,0.9988926897309622,0.00811457655043983,0.0011073102690372875,9.990778113180525
452,0.9989124355065596,0.007969711149892948,0.0010875644934399465,9.99094272435667
453,0.9989318298642462,0.00782742976290723,0.0010681701357533626,9.991104400101342
454,0.9989508790337724,0.007687686375157889,0.0010491209662271757,9.991263192658618
455,0.9989695891353156,0.0075504357889679295,0.0010304108646839573,9.991419153346351
456,0.9989879661813771,0.007415633608911523,0.00101203381862255,9.991572332572469
457,0.9990060160786465,0.0072832362276677425,0.0009939839213531515,9.991722779850981
458,0.999023744629836,0.007153200812120429,0.0009762553701636522,9.991870543817718
459,0.999041157535483,0.007025485289700034,0.0009588424645167402,9.992015672245786
460,0.9990582603957224,0.006900048334963324,0.0009417396042772909,9.992158212060763
461,0.9990750587120302,0.006776849356406933,0.0009249412879695719,9.992298209355628
462,0.999091557888936,0.006655848483510771,0.0009084421110637907,9.992435709405429
463,0.9991077632357083,0.006537006554007403,0.0008922367642915273,9.992570756681705
464,0.9991236799680102,0.0064202851013735445,0.0008763200319895936,9.99270339486664
465,0.999139313209528,0.0063056463425398964,0.0008606867904718707,9.992833666866991
466,0.9991546679935712,0.0061930531658156,0.0008453320064286819,9.992961614827758
467,0.9991697492646466,0.006082469119023651,0.0008302507353532617,9.993087280145625
468,0.999184561880005,0.005973858397843672,0.0008154381199948908,9.993210703482163
469,0.9991991106111616,0.005867185834358504,0.00080088938883827,9.993331924776804
470,0.9992134001453912,0.005762416885801123,0.0007865998546087153,9.99345098325959
471,0.9992274350871971,0.005659517623498475,0.0007725649128027566,9.993567917463698
472,0.9992412199597561,0.005558454722008831,0.0007587800402437352,9.993682765237747
473,0.9992547592063379,0.005459195448449364,0.0007452407936619959,9.993795563757887
474,0.9992680571917006,0.005361707652010677,0.0007319428082992756,9.993906349539689
475,0.999281118203463,0.005265959753655083,0.0007188817965368991,9.994015158449807
476,0.9992939464534525,0.005171920735995468,0.0007060535465473961,9.994122025717456
477,0.9993065460790307,0.005079560133351631,0.0006934539209691564,9.994226985945678
478,0.9993189211443961,0.004988848021981077,0.0006810788556037525,9.994330073122415
479,0.9993310756418643,0.004899755010481217,0.0006689243581355573,9.994431320631383
480,0.9993430134931266,0.004812252230360055,0.0006569865068732943,9.994530761262766
481,0.9993547385504867,0.004726311326772447,0.0006452614495131599,9.994628427223713
482,0.9993662545980767,0.004641904449419071,0.0006337454019231673,9.994724350148656
483,0.9993775653530516,0.004559004243605309,0.0006224346469483601,9.994818561109446
484,0.9993886744667634,0.0044775838414572704,0.0006113255332365555,9.994911090625305
485,0.9993995855259157,0.00439761685329225,0.0006004144740842778,9.995001968672621
486,0.9994103020536974,0.004319077359140942,0.0005896979463025477,9.995091224694555
487,0.9994208275108978,0.0042419399004187865,0.0005791724891022036,9.995178887610477
488,0.9994311652970016,0.004166179471743872,0.0005688347029984261,9.995264985825255
489,0.9994413187512659,0.004091771512898845,0.0005586812487341532,9.995349547238364
490,0.999451291153778,0.00401869190093434,0.0005487088462220679,9.99543259925284
491,0.9994610857264952,0.003946916942411468,0.000538914273504853,9.99551416878408
492,0.9994707056342667,0.00387642336578096,0.0005292943657334079,9.995594282268481
493,0.9994801539858373,0.0038071883138965784,0.0005198460141627271,9.995672965671936
494,0.9994894338348349,0.00373918933666048,0.0005105661651651474,9.99575024449817
495,0.9994985481807394,0.003672404383798225,0.0005014518192606725,9.995826143796936
496,0.9995074999698359,0.0036068117977611867,0.0004925000301640905,9.99590068817207
497,0.9995162920961513,0.003542390306754134,0.0004837079038486009,9.995973901789393
498,0.9995249274023743,0.0034791190178858236,0.00047507259762567626,9.996045808384483
499,0.9995334086807591,0.0034169774104404445,0.0004665913192408854,9.996116431270314
500,0.9995417386740146,0.0033559453292678187,0.00045826132598540865,9.996185793344743
501,0.999549920076177,0.0032960029782902853,0.00045007992382298305,9.996253917097883
502,0.999557955533468,0.003237130914124232,0.00044204446653201555,9.99632082461934
503,0.9995658476451375,0.003179310039814276,0.00043415235486260955,9.99638653760532
504,0.9995735989642918,0.0031225215986781267,0.0004264010357082525,9.99645107736561
505,0.9995812119987081,0.0030667471682601978,0.0004187880012919169,9.996514464830444
506,0.9995886892116337,0.003011968654392069,0.0004113107883663304,9.996576720557238
507,0.9995960330225718,0.002958168285357932,0.0004039669774281756,9.99663786473721
508,0.999603245808054,0.0029053286061631795,0.0003967541919459823,9.996697917201887
509,0.9996103299023985,0.002853432472904343,0.0003896700976014813,9.99675689742949
510,0.9996172875984558,0.002802463047238594,0.0003827124015441895,9.996814824551214
511,0.999624121148341,0.0027524037909510777,0.00037587885165900185,9.996871717357386
512,0.9996308327641534,0.002703238460618358,0.00036916723584656943,9.996927594303532
513,0.9996374246186838,0.002654951102366292,0.00036257538131624455,9.996982473516315
514,0.9996438988461086,0.0026075260467206844,0.00035610115389137946,9.997036372799386
515,0.9996502575426732,0.002560947903549085,0.0003497424573267675,9.997089309639122
516,0.999656502767362,0.002515201557092144,0.0003434972326380191,9.997141301210268
517,0.9996626365425573,0.0024702721610829425,0.00033736345744266917,9.997192364381473
518,0.9996686608546871,0.0024261451339527627,0.0003313391453128141,9.997242515720732
519,0.9996745776548608,0.002382806154121775,0.00032542234513908194,9.997291771500736
520,0.9996803888594942,0.0023402411553731556,0.0003196111405057411,9.997340147704119
521,0.9996860963509232,0.0022984363223091642,0.0003139036490767562,9.997387660028611
522,0.9996917019780074,0.0022573780858877474,0.00030829802199260385,9.997434323892117
523,0.9996972075567223,0.0022170531190382472,0.0003027924432776627,9.997480154437682
524,0.999702614870742,0.002177448332354828,0.0002973851292579968,9.997525166538384
525,0.9997079256720106,0.0021385508698662527,0.00029207432798935266,9.997569374802142
526,0.9997131416813048,0.0021003481048806672,0.00028685831869519515,9.99761279357642
527,0.9997182645887853,0.00206282763590407,0.00028173541121460796,9.997655436952877
528,0.99972329605454,0.002025977282631175,0.00027670394545988995,9.997697318771905
529,0.9997282377091162,0.001989785082007388,0.00027176229088367917,9.997738452627106
530,0.9997330911540445,0.0019542392843606466,0.0002669088459554405,9.99777885186968
531,0.9997378579623528,0.0019193283496018964,0.0002621420376471551,9.997818529612747
532,0.9997425396790719,0.0018850409434929861,0.0002574603209280525,9.997857498735575
533,0.9997471378217317,0.0018513659339808016,0.00025286217826822903,9.997895771887748
534,0.999751653880849,0.001818292387596466,0.00024834611915099895,9.99793336149325
535,0.9997560893204062,0.0017858095659184616,0.0002439106795938268,9.997970279754485
536,0.9997604455783223,0.0017539069220985435,0.00023955442167769266,9.99800653865622
537,0.9997647240669153,0.00172257409744934,0.00023527593308474338,9.998042149969462
538,0.999768926173356,0.0016918009180925493,0.00023107382664408718,9.99807712525526
539,0.9997730532601145,0.0016615773916666633,0.0002269467398855894,9.998111475868445
540,0.9997771066653985,0.00163189370409317,0.00022289333460153075,9.998145212961303
541,0.9997810877035841,0.0016027402164001975,0.00021891229641599145,9.998178347487181
542,0.9997849976656382,0.0015741074616025896,0.0002150023343618273,9.998210890204033
543,0.999788837819535,0.0015459861416374139,0.00021116218046510476,9.998242851677896
544,0.9997926094106632,0.0015183671243539226,0.0002073905893368665,9.998274242286307
545,0.999796313662228,0.0014912414405570066,0.0002036863377720987,9.998305072221669
546,0.9997999517756443,0.0014646002811031923,0.00020004822435577523,9.99833535149454
547,0.9998035249309242,0.0014384349940482586,0.00019647506907585538,9.998365089936874
548,0.9998070342870569,0.0014127370818455556,0.0001929657129431137,9.99839429720521
549,0.9998104809823823,0.001387498198594132,0.00018951901761768303,9.998422982783786
550,0.9998138661349578,0.001362710147335789,0.00018613386504219348,9.99845115598762
551,0.9998171908429186,0.0013383648774001938,0.00018280915708139198,9.998478825965517
552,0.999820456184832,0.0013144544817972057,0.00017954381516812988,9.998506001703033
553,0.9998236632200445,0.0012909711946555748,0.0001763367799556066,9.998532692025387
554,0.9998268129890243,0.0012679073887071964,0.00017318701097576052,9.998558905600316
555,0.9998299065136964,0.001245255572816112,0.00017009348630369912,9.99858465094088
556,0.9998329447977721,0.0012230083895514662,0.00016705520222806352,9.998609936408219
557,0.999835928827073,0.0012011586128036393,0.0001640711729272227,9.998634770214267
558,0.999838859569849,0.0011796991454427932,0.00016114043015119588,9.998659160424403
559,0.999841737977091,0.0011586230170190768,0.00015826202290920255,9.998683114960068
560,0.9998445649828375,0.001137923381503754,0.0001554350171627418,9.998706641601329
561,0.9998473415044761,0.00111759351507053,0.00015265849552410362,9.998729747989401
562,0.9998500684430399,0.0010976268139163607,0.00014993155696021743,9.998752441629119
563,0.9998527466834984,0.0010780167921210493,0.00014725331650174378,9.998774729891373
564,0.9998553770950429,0.001058757079544938,0.00014462290495731762,9.998796620015494
565,0.9998579605313673,0.0010398414197640223,0.00014203946863285268,9.998818119111599
566,0.9998604978309443,0.0010212636680418242,0.0001395021690558177,9.998839234162897
567,0.9998629898172957,0.0010030177893373712,0.00013701018270439772,9.998859972027953
568,0.9998654372992587,0.00098509785634864,0.00013456270074145457,9.998880339442904
569,0.9998678410712469,0.0009674980475908388,0.00013215892875320168,9.99890034302365
570,0.9998702019135076,0.0009502126455089061,0.00012979808649251116,9.998919989267993
571,0.9998725205923733,0.0009332360346236222,0.00012747940762677096,9.998939284557745
572,0.9998747978605098,0.0009165626997107348,0.00012520213949021266,9.998958235160794
573,0.9998770344571594,0.0009001872240125133,0.00012296554284063087,9.998976847233141
574,0.9998792311083796,0.0008841042874811564,0.00012076889162041722,9.998995126820892
575,0.9998813885272781,0.0008683086650534874,0.00011861147272183269,9.999013079862218
576,0.9998835074142436,0.0008527952249563807,0.00011649258575644391,9.999030712189281
577,0.9998855884571713,0.000837558927042376,0.00011441154282865013,9.999048029530123
578,0.9998876323316868,0.0008225948211549412,0.00011236766831322853,9.999065037510526
579,0.9998896397013631,0.0008078980455228601,0.00011036029863682736,9.999081741655834
580,0.9998916112179366,0.0007934638251832255,0.00010838878206333702,9.999098147392747
581,0.9998935475215168,0.0007792874704325302,0.00010645247848307105,9.999114260051078
582,0.9998954492407942,0.000765364375305358,0.00010455075920568963,9.999130084865483
583,0.9998973169932431,0.0007516900160801814,0.0001026830067567996,9.999145626977157
584,0.9998991513853218,0.000738259949811787,0.00010084861467816619,9.999160891435503
585,0.9999009530126685,0.000725069812889854,9.904698733147272e-05,9.999175883199772
586,0.9999027224602943,0.0007121153196232214,9.727753970556561e-05,9.999190607140665
587,0.9999044603027728,0.0006993922608493865,9.553969722712324e-05,9.999205068041917
588,0.9999061671044253,0.0006868965025687879,9.38328955746881e-05,9.99921927060185
589,0.9999078434195039,0.0006746239846034297,9.215658049600294e-05,9.999233219434894
590,0.9999094897923713,0.0006625707192794168,9.051020762859239e-05,9.999246919073085
591,0.9999111067576764,0.0006507327901329742,8.889324232353304e-05,9.999260373967537
592,0.9999126948405276,0.0006391063506395339,8.73051594723551e-05,9.999273588489881
593,0.9999142545566629,0.0006276876229654775,8.574544333702085e-05,9.99928656693369
594,0.999915786412617,0.0006164728967421343,8.421358738292511e-05,9.999299313515868
595,0.9999172909058851,0.0006054585278616353,8.270909411486439e-05,9.999311832378016
596,0.9999187685250841,0.0005946409372942381,8.123147491592226e-05,9.999324127587782
597,0.9999202197501108,0.0005840166099267376,7.978024988921937e-05,9.999336203140176
598,0.9999216450522975,0.0005735820934215894,7.83549477024773e-05,9.999348062958868
599,0.9999230448945646,0.0005633339970963759,7.69551054353466e-05,9.99935971089746
600,0.9999244197315705,0.0005532689908232547,7.558026842944998e-05,9.999371150740739
601,0.9999257700098589,0.0005433838039480316,7.422999014109273e-05,9.999382386205903
602,0.9999270961680035,0.0005336752242285109,7.290383199659296e-05,9.999393420943768
603,0.9999283986367499,0.0005241400967917788,7.160136325018542e-05,9.99940425853995
604,0.9999296778391557,0.0005147753231100827,7.032216084445319e-05,9.999414902516039
605,0.9999309341907269,0.0005055778599949769,6.906580927324267e-05,9.999425356330725
606,0.9999321680995531,0.0004965447186094069,6.783190044701766e-05,9.999435623380938
607,0.9999333799664395,0.0004876729634974158,6.662003356060927e-05,9.999445707002936
608,0.9999345701850367,0.0004789597116311565,6.542981496331961e-05,9.9994556104734
609,0.9999357391419688,0.00047040213147490375,6.426085803133698e-05,9.999465337010488
610,0.9999368872169577,0.00046199744206576145,6.3112783042422e-05,9.999474889774886
611,0.9999380147829473,0.00045374291211076927,6.198521705282425e-05,9.99948427187083
612,0.9999391222062237,0.00044563585910011553,6.087779377638988e-05,9.999493486347118
613,0.9999402098465343,0.0004376736484361704,5.9790153465821324e-05,9.999502536198094
614,0.9999412780572041,0.00042985369257805676,5.872194279605103e-05,9.999511424364622
615,0.9999423271852504,0.0004221734502014825,5.767281474969159e-05,9.999520153735045
616,0.9999433575714957,0.0004146304253735623,5.6642428504525514e-05,9.999528727146117
617,0.9999443695506772,0.00040722216674236183,5.563044932299843e-05,9.99953714738393
618,0.9999453634515565,0.0003999462667409019,5.4636548443680136e-05,9.99954541718481
619,0.9999463395970255,0.0003928003608053654,5.3660402974658604e-05,9.999553539236215
620,0.9999472983042114,0.0003857821266072532,5.270169578883264e-05,9.9995615161776
621,0.9999482398845791,0.0003788892832992415,5.1760115421069436e-05,9.999569350601275
622,0.999949164644033,0.0003721195907744956,5.0835355967194e-05,9.999577045053254
623,0.9999500728830155,0.0003654708489392005,4.9927116984777786e-05,9.999584602034071
624,0.9999509648966046,0.0003589408969980735,4.9035103395694764e-05,9.999592023999602
625,0.9999518409746099,0.000352527612752626,4.8159025390413375e-05,9.999599313361854
626,0.9999527014016663,0.0003462289119119488,4.7298598333993605e-05,9.99960647248975
627,0.9999535464573265,0.00034004274741579693,4.645354267375893e-05,9.999613503709908
628,0.9999543764161516,0.00033396710876975444,4.562358384861326e-05,9.99962040930738
629,0.9999551915478002,0.0003280000213922648,4.4808452199973805e-05,9.999627191526406
630,0.9999559921171159,0.0003221395459733146,4.4007882884290965e-05,9.99963385257114
631,0.9999567783842132,0.000316383777844563,4.322161578712725e-05,9.999640394606367
632,0.9999575506045615,0.00031073084636071307,4.244939543876735e-05,9.9996468197582
633,0.9999583090290689,0.00030517891429192453,4.169097093133218e-05,9.999653130114776
634,0.9999590539041628,0.00029972617722707085,4.0946095837370284e-05,9.999659327726935
635,0.9999597854718704,0.0002943708629876476,4.02145281299001e-05,9.99966541460888
636,0.9999605039698964,0.000289111231052142,3.949603010387755e-05,9.999671392738842
637,0.9999612096317012,0.0002839455719906772,3.879036829906338e-05,9.999677264059708
638,0.999961902686576,0.00027887220690974807,3.809731342426555e-05,9.999683030479662
639,0.9999625833597173,0.00027388948690686854,3.7416640282932084e-05,9.999688693872807
640,0.9999632518723002,0.0002689957925349537,3.674812770007041e-05,9.999694256079762
641,0.9999639084415498,0.00026418953327626306,3.6091558450469615e-05,9.99969971890827
642,0.9999645532808121,0.00025946914702573465,3.5446719188202406e-05,9.999705084133783
643,0.999965186599623,0.0002548330995835421,3.481340037738401e-05,9.999710353500037
644,0.9999658086037762,0.0002502798841567107,3.419139622416567e-05,9.999715528719618
645,0.9999664194953903,0.00024580802086963027,3.35805046099408e-05,9.999720611474519
646,0.9999670194729745,0.00024141605628330679,3.298052702574207e-05,9.999725603416689
647,0.9999676087314925,0.00023710256292319633,3.239126850780848e-05,9.999730506168566
648,0.999968187462426,0.00023286613881546875,3.181253757430135e-05,9.999735321323607
649,0.9999687558538372,0.00022870540703155028,3.1244146163148954e-05,9.999740050446801
650,0.9999693140904293,0.00022461901524079768,3.068590957099959e-05,9.999744695075185
651,0.9999698623536071,0.00022060563527115864,3.013764639326343e-05,9.999749256718331
652,0.9999704008215351,0.00021666396267767637,2.9599178465223755e-05,9.999753736858853
653,0.9999709296691961,0.00021279271631869778,2.90703308041985e-05,9.999758136952874
654,0.9999714490684476,0.00020899063793964847,2.855093155273345e-05,9.999762458430505
655,0.9999719591880775,0.0002052564917642392,2.804081192280869e-05,9.99976670269631
656,0.9999724601938592,0.00020158906409297118,2.753980614104029e-05,9.999770871129762
657,0.9999729522486054,0.00019798716290881022,2.7047751394859477e-05,9.999774965085692
658,0.9999734355122206,0.00019444961748990163,2.6564487779651917e-05,9.999778985894725
659,0.9999739101417534,0.00019097527802920027,2.6089858246839957e-05,9.999782934863719
660,0.9999743762914474,0.00018756301526089245,2.562370855289111e-05,9.999786813276181
661,0.999974834112791,0.00018421172009348843,2.516588720923619e-05,9.999790622392691
662,0.9999752837545671,0.00018092030324946644,2.471624543308099e-05,9.999794363451311
663,0.9999757253629011,0.0001776876949113513,2.4274637099095507e-05,9.999798037667983
664,0.9999761590813082,0.0001745128443741131,2.384091869196512e-05,9.999801646236927
665,0.9999765850507404,0.00017139471970377263,2.3414949259788355e-05,9.99980519033103
666,0.9999770034096319,0.00016833230740210335,2.299659036830616e-05,9.999808671102222
667,0.9999774142939443,0.0001653246120773207,2.2585706055947874e-05,9.999812089681859
668,0.9999778178372105,0.000162370656120652,2.2182162789679322e-05,9.999815447181081
669,0.9999782141705785,0.00015946947938868226,2.1785829421638754e-05,9.999818744691181
670,0.9999786034228536,0.00015662013889137223,2.13965771465466e-05,9.999821983283953
671,0.9999789857205402,0.0001538217084856481,2.1014279459875233e-05,9.999825164012044
672,0.9999793611878833,0.00015107327857446305,2.0638812116765178e-05,9.999828287909299
673,0.9999797299469084,0.00014837395581123288,2.0270053091674544e-05,9.999831355991088
674,0.9999800921174613,0.0001457228628095502,1.9907882538748483e-05,9.999834369254643
675,0.9999804478172472,0.00014311913785808257,1.955218275289596e-05,9.99983732867938
676,0.9999807971618685,0.0001405619346405623,1.920283813156117e-05,9.99984023522722
677,0.9999811402648628,0.0001380504219607769,1.8859735137177193e-05,9.999843089842894
678,0.9999814772377398,0.0001355837834724709,1.852276226028981e-05,9.999845893454259
679,0.9999818081900167,0.00013316121741407163,1.8191809983339443e-05,9.999848646972595
680,0.999982133229255,0.00013078193634815245,1.786677074508953e-05,9.999851351292898
681,0.9999824524610944,0.00012844516690554912,1.7547538905689835e-05,9.99985400729418
682,0.9999827659892877,0.0001261501495340462,1.7234010712363286e-05,9.999856615839745
683,0.9999830739157344,0.0001238961382515519,1.6926084265705335e-05,9.999859177777473
684,0.9999833763405135,0.00012168240040368122,1.6623659486584818e-05,9.999861693940101
685,0.9999836733619164,0.0001195082164256686,1.632663808363566e-05,9.999864165145482
686,0.9999839650764787,0.00011737287960853308,1.6034923521328854e-05,9.999866592196861
687,0.9999842515790114,0.00011527569586941967,1.5748420988614374e-05,9.999868975883134
688,0.9999845329626319,0.00011321598352604268,1.5467037368122844e-05,9.999871316979098
689,0.9999848093187941,0.00011119307307515754,1.5190681205917026e-05,9.999873616245711
690,0.9999850807373182,0.00010920630697498943,1.491926268178326e-05,9.999875874430336
691,0.9999853473064199,0.00010725503943154782,1.4652693580053267e-05,9.99987809226698
692,0.9999856091127389,0.00010533863618875776,1.4390887260946844e-05,9.999880270476542
693,0.9999858662413674,0.00010345647432233962,1.4133758632426157e-05,9.999882409767036
694,0.9999861187758773,0.00010160794203737041,1.3881224122552512e-05,9.99988451083383
695,0.9999863667983475,9.979243846946101e-05,1.3633201652336635e-05,9.999886574359868
696,0.9999866103893907,9.800937348948464e-05,1.3389610609073663e-05,9.999888601015892
697,0.9999868496281796,9.625816751179317e-05,1.3150371820154194e-05,9.999890591460659
698,0.9999870845924724,9.453825130585916e-05,1.2915407527342924e-05,9.999892546341158
699,0.9999873153586383,9.284906581128213e-05,1.2684641361516477e-05,9.999894466292819
700,0.9999875420016819,9.11900619560994e-05,1.2457998317852308e-05,9.999896351939718
701,0.9999877645952683,8.956070047834215e-05,1.2235404731460573e-05,9.999898203894782
702,0.9999879832117463,8.796045175077889e-05,1.2016788253451095e-05,9.999900022759988
703,0.9999881979221723,8.638879560878953e-05,1.1802077827427642e-05,9.999901809126555
704,0.9999884087963333,8.484522118131386e-05,1.1591203666401914e-05,9.999903563575144
705,0.9999886159027697,8.332922672481986e-05,1.1384097230119738e-05,9.999905286676036
706,0.999988819308797,8.184031946023771e-05,1.118069120279211e-05,9.999906978989328
707,0.9999890190805286,8.037801541280665e-05,1.0980919471223877e-05,9.999908641065106
708,0.9999892152828965,7.89418392547825e-05,1.0784717103332953e-05,9.999910273443632
709,0.9999894079796728,7.753132415095506e-05,1.0592020327053095e-05,9.999911876655512
710,0.9999895972334902,7.614601160692484e-05,1.040276650961341e-05,9.999913451221873
711,0.9999897831058626,7.47854513200902e-05,1.0216894137187854e-05,9.999914997654532
712,0.9999899656572049,7.34492010332962e-05,1.0034342794908133e-05,9.99991651645616
713,0.9999901449468526,7.213682639109789e-05,9.855053147233513e-06,9.999918008120451
714,0.9999903210330812,7.084790079859105e-05,9.678966918671164e-06,9.999919473132271
715,0.999990493973125,6.958200528276487e-05,9.506026874840808e-06,9.99992091196783
716,0.999990663823196,6.833872835633118e-05,9.33617680387749e-06,9.999922325094827
717,0.9999908306385017,6.711766588398635e-05,9.16936149816646e-06,9.999923712972606
718,0.9999909944732635,6.591842095106212e-05,9.005526736404247e-06,9.999925076052302
719,0.9999911553807339,6.474060373452284e-05,8.844619265980065e-06,9.999926414776988
720,0.9999913134132142,6.358383137626722e-05,8.68658678567188e-06,9.999927729581827
721,0.9999914686220712,6.244772785869337e-05,8.531377928651492e-06,9.999929020894202
722,0.9999916210577541,6.133192388248675e-05,8.378942245793119e-06,9.99993028913386
723,0.9999917707698106,6.023605674659134e-05,8.22923018928008e-06,9.999931534713053
724,0.9999919178069033,5.9159770230324976e-05,8.082193096504244e-06,9.999932758036662
725,0.9999920622168256,5.8102714477600625e-05,7.937783174253011e-06,9.999933959502338
726,0.9999922040465167,5.7064545883215944e-05,7.795953483178724e-06,9.999935139500623
727,0.9999923433420773,5.60449269811742e-05,7.656657922545436e-06,9.999936298415086
728,0.9999924801487846,5.504352633500026e-05,7.519851215248088e-06,9.99993743662244
729,0.9999926145111068,5.406001843001601e-05,7.385488893099259e-06,9.999938554492667
730,0.9999927464727175,5.309408356754028e-05,7.253527282378679e-06,9.99993965238914
731,0.9999928760765102,5.2145407760978746e-05,7.123923489640842e-06,9.999940730668738
732,0.999993003364612,5.1213682633770195e-05,6.99663538777608e-06,9.999941789681968
733,0.9999931283783975,5.0298605319155964e-05,6.871621602320611e-06,9.999942829773067
734,0.9999932511585018,4.939987836173992e-05,6.748841498011085e-06,9.999943851280129
735,0.9999933717448343,4.8517209620807105e-05,6.628255165579275e-06,9.999944854535203
736,0.9999934901765911,4.765031217536952e-05,6.509823408782627e-06,9.999945839864406
737,0.9999936064922682,4.679890423090829e-05,6.393507731666461e-06,9.999946807588028
738,0.9999937207296739,4.596270902778189e-05,6.2792703260536675e-06,9.999947758020637
739,0.9999938329259407,4.514145475127061e-05,6.167074059257868e-06,9.99994869147118
740,0.999993943117538,4.4334874443228106e-05,6.0568824620160255e-06,9.999949608243085
741,0.9999940513402834,4.3542705915311324e-05,5.948659716636597e-06,9.999950508634358
742,0.9999941576293547,4.276469166376056e-05,5.842370645359376e-06,9.99995139293768
743,0.9999942620193012,4.200057878570199e-05,5.737980698923254e-06,9.999952261440505
744,0.9999943645440548,4.125011889694548e-05,5.635455945338169e-06,9.999953114425148
745,0.9999944652369412,4.051306805125097e-05,5.53476305885762e-06,9.99995395216888
746,0.999994564130691,3.978918666103721e-05,5.435869309148149e-06,9.99995477494402
747,0.9999946612574495,3.907823941950699e-05,5.338742550652273e-06,9.999955583018021
748,0.999994756648788,3.8379995224163734e-05,5.243351212141425e-06,9.999956376653556
749,0.9999948503357137,3.769422710169446e-05,5.149664286455502e-06,9.999957156108604
750,0.9999949423486797,3.702071213419473e-05,5.0576513204256835e-06,9.999957921636538
751,0.9999950327175952,3.6359231386711646e-05,4.9672824049772575e-06,9.999958673486201
752,0.9999951214718347,3.570956983608136e-05,4.878528165409236e-06,9.999959411901992
753,0.9999952086402483,3.5071516301037923e-05,4.791359751847597e-06,9.99996013712394
754,0.9999952942511703,3.444486337357077e-05,4.7057488298690665e-06,9.99996084938779
755,0.9999953783324289,3.3829407351508594e-05,4.621667571292377e-06,9.999961548925071
756,0.999995460911355,3.3224948172307656e-05,4.539088645134028e-06,9.999962235963176
757,0.9999955420147915,3.263128934802298e-05,4.457985208725602e-06,9.999962910725436
758,0.9999956216691012,3.2048237901441374e-05,4.378330898989751e-06,9.999963573431193
759,0.9999956999001762,3.14756043033555e-05,4.300099823872023e-06,9.999964224295866
760,0.9999957767334462,3.091320241095857e-05,4.223266553925745e-06,9.999964863531028
761,0.9999958521938861,3.0360849407339733e-05,4.147806114047228e-06,9.999965491344472
762,0.9999959263060247,2.981836574206034e-05,4.073693975358609e-06,9.999966107940276
763,0.9999959990939529,2.9285575072791993e-05,4.000906047235691e-06,9.999966713518873
764,0.9999960705813307,2.87623042079972e-05,3.929418669478203e-06,9.999967308277116
765,0.9999961407913955,2.8248383050634148e-05,3.859208604619921e-06,9.999967892408337
766,0.9999962097469698,2.774364454286725e-05,3.7902530303761593e-06,9.99996846610242
767,0.9999962774704679,2.7247924611765487e-05,3.72252953222618e-06,9.999969029545849
768,0.999996343983904,2.6761062115970916e-05,3.6560160961281126e-06,9.99996958292178
769,0.9999964093088988,2.6282898793320027e-05,3.590691101364008e-06,9.999970126410098
770,0.9999964734666866,2.5813279209400898e-05,3.5265333135127138e-06,9.99997066018747
771,0.9999965364781226,2.5352050707029437e-05,3.4635218775482798e-06,9.999971184427409
772,0.999996598363689,2.4899063356628307e-05,3.4016363110616584e-06,9.999971699300326
773,0.9999966591435024,2.4454169907492393e-05,3.34085649760349e-06,9.99997220497359
774,0.9999967188373199,2.4017225739924983e-05,3.281162680145817e-06,9.999972701611576
775,0.9999967774645454,2.3588088818229093e-05,3.2225354546606016e-06,9.999973189375723
776,0.9999968350442362,2.316661964453868e-05,3.1649557638129567e-06,9.999973668424587
777,0.9999968915951093,2.2752681213474723e-05,3.1084048907670475e-06,9.999974138913892
778,0.999996947135547,2.2346138967611438e-05,3.0528644531026457e-06,9.999974600996575
779,0.9999970016836033,2.194686075373816e-05,2.998316396840362e-06,9.999975054822846
780,0.9999970552570095,2.1554716779902658e-05,2.944742990573618e-06,9.999975500540225
781,0.9999971078731804,2.1169579573221975e-05,2.8921268197054465e-06,9.999975938293604
782,0.9999971595492193,2.0791323938446994e-05,2.8404507807882526e-06,9.999976368225278
783,0.9999972103019241,2.041982691726736e-05,2.7896980759646914e-06,9.999976790475005
784,0.9999972601477926,2.005496774834345e-05,2.7398522075078634e-06,9.999977205180041
785,0.9999973091030276,1.969662782805247e-05,2.690896972459041e-06,9.999977612475197
786,0.9999973571835428,1.9344690671935856e-05,2.642816457361203e-06,9.999978012492868
787,0.9999974044049671,1.89990418768355e-05,2.595595033086646e-06,9.999978405363088
788,0.9999974507826505,1.865956908370649e-05,2.5492173497570037e-06,9.999978791213564
789,0.9999974963316685,1.8326161941094236e-05,2.5036683317540243e-06,9.999979170169725
790,0.9999975410668274,1.799871206926416e-05,2.4589331728194755e-06,9.999979542354756
791,0.999997585002669,1.767711302497228e-05,2.4149973312425973e-06,9.999979907889642
792,0.9999976281534751,1.7361260266865194e-05,2.3718465251335275e-06,9.999980266893207
793,0.9999976705332725,1.7051051121498307e-05,2.3294667277811715e-06,9.99998061948215
794,0.9999977121558372,1.674638474996117e-05,2.287844163094004e-06,9.999980965771087
795,0.9999977530346992,1.6447162115099136e-05,2.2469653011223264e-06,9.999981305872584
796,0.9999977931831466,1.6153285949320638e-05,2.2068168536605182e-06,9.999981639897197
797,0.9999978326142304,1.5864660722979688e-05,2.167385769927856e-06,9.999981967953506
798,0.999997871340768,1.5581192613323256e-05,2.1286592323264994e-06,9.999982290148154
799,0.999997909375348,1.5302789473993473e-05,2.0906246522752624e-06,9.999982606585872
800,0.9999979467303342,1.502936080507474e-05,2.0532696661178174e-06,9.999982917369527
801,0.9999979834178692,1.4760817723675993e-05,2.0165821311040004e-06,9.999983222600143
802,0.9999980194498789,1.4497072935038589e-05,1.9805501214429156e-06,9.999983522376942
803,0.9999980548380759,1.4238040704160394e-05,1.9451619244265535e-06,9.99998381679737
804,0.9999980895939637,1.3983636827926874e-05,1.9104060366226626e-06,9.999984105957134
805,0.9999981237288402,1.3733778607740113e-05,1.8762711601356404e-06,9.999984389950232
806,0.9999981572538015,1.348838482263688e-05,1.8427461989342257e-06,9.999984668868978
807,0.9999981901797451,1.3247375702886982e-05,1.8098202552448011e-06,9.99998494280404
808,0.9999982225173744,1.3010672904063356e-05,1.7774826260091319e-06,9.999985211844468
809,0.999998254277201,1.2778199481575434e-05,1.7457227994053911e-06,9.999985476077716
810,0.9999982854695489,1.2549879865657536e-05,1.7145304514313412e-06,9.99998573558968
811,0.9999983161045578,1.232563983680415e-05,1.6838954425485583e-06,9.999985990464719
812,0.999998346192186,1.21054065016441e-05,1.6538078143866141e-06,9.999986240785683
813,0.9999983757422138,1.188910826924579e-05,1.6242577865061397e-06,9.999986486633944
814,0.9999984047642472,1.1676674827845794e-05,1.5952357532197201e-06,9.999986728089418
815,0.99999843326772,1.1468037121993247e-05,1.5667322804695908e-06,9.999986965230596
816,0.9999984612618977,1.1263127330102596e-05,1.5387381027611134e-06,9.999987198134566
817,0.9999984887558804,1.1061878842407434e-05,1.5112441201510423e-06,9.999987426877036
818,0.9999985157586052,1.0864226239308213e-05,1.4842413952895985e-06,9.999987651532363
819,0.99999854227885,1.0670105270106855e-05,1.45772115051539e-06,9.999987872173577
820,0.9999985683252355,1.047945283212129e-05,1.4316747650022373e-06,9.999988088872401
821,0.9999985939062285,1.0292206950173172e-05,1.4060937719569729e-06,9.999988301699275
822,0.9999986190301445,1.0108306756442093e-05,1.3809698558673067e-06,9.999988510723385
823,0.9999986437051506,9.927692470679752e-06,1.3562948497988623e-06,9.999988716012677
824,0.9999986679392676,9.750305380777626e-06,1.3320607327405065e-06,9.999988917633884
825,0.9999986917403734,9.576087823681868e-06,1.3082596269971065e-06,9.999989115652546
826,0.9999987151162048,9.404983166649183e-06,1.2848837956288713e-06,9.999989310133035
827,0.9999987380743605,9.236935788837627e-06,1.2619256399364422e-06,9.999989501138568
828,0.9999987606223034,9.071891063226323e-06,1.2393776969909165e-06,9.999989688731237
829,0.9999987827673632,8.909795338858223e-06,1.2172326372080007e-06,9.999989872972021
830,0.9999988045167384,8.750595923400142e-06,1.1954832619655066e-06,9.999990053920811
831,0.9999988258774991,8.594241066014411e-06,1.174122501263413e-06,9.99999023163643
832,0.9999988468565889,8.440679940536551e-06,1.1531434114257358e-06,9.999990406176645
833,0.9999988674608274,8.289862628953537e-06,1.1325391728434567e-06,9.999990577598195
834,0.9999988876969126,8.141740105177241e-06,1.1123030877577802e-06,9.999990745956804
835,0.9999989075714223,7.996264219107823e-06,1.0924285780829946e-06,9.9999909113072
836,0.9999989270908171,7.853387680981851e-06,1.0729091832682317e-06,9.999991073703134
837,0.9999989462614421,7.713064046000092e-06,1.0537385581974314e-06,9.999991233197393
838,0.9999989650895292,7.575247699229955e-06,1.0349104711268254e-06,9.999991389841828
839,0.9999989835811987,7.4398938407777e-06,1.016418801659273e-06,9.999991543687356
840,0.9999990017424616,7.306958471225569e-06,9.98257538754788e-07,9.999991694783988
841,0.9999990195792215,7.176398377329126e-06,9.804207787766114e-07,9.999991843180842
842,0.9999990370972768,7.048171117970152e-06,9.62902723572195e-07,9.999991988926157
843,0.9999990543023217,6.9222350103605185e-06,9.456976785884719e-07,9.999992132067309
844,0.9999990711999492,6.798549116492571e-06,9.288000510208004e-07,9.99999227265083
845,0.9999990877956523,6.6770732298316e-06,9.122043479949824e-07,9.99999241072242
846,0.9999991040948255,6.5577678622460985e-06,8.959051747817613e-07,9.999992546326961
847,0.9999991201027673,6.440594231171528e-06,8.79897233043223e-07,9.999992679508534
848,0.9999991358246811,6.325514247003449e-06,8.641753191105278e-07,9.999992810310431
849,0.999999151265678,6.2124905007158945e-06,8.487343222924143e-07,9.999992938775174
850,0.999999166430777,6.101486251700984e-06,8.33569223213925e-07,9.999993064944523
851,0.9999991813249081,5.992465415825801e-06,8.186750921848141e-07,9.99999318885949
852,0.9999991959529126,5.8853925537026714e-06,8.04047087597107e-07,9.999993310560356
853,0.9999992103195459,5.78023285916903e-06,7.896804543512908e-07,9.999993430086684
854,0.9999992244294779,5.6769521479731055e-06,7.75570522310624e-07,9.999993547477327
855,0.9999992382872954,5.575516846661786e-06,7.617127047830629e-07,9.999993662770446
856,0.9999992518975032,5.4758939816670135e-06,7.481024970303127e-07,9.99999377600352
857,0.9999992652645254,5.378051168587191e-06,7.347354748035161e-07,9.999993887213355
858,0.9999992783927073,5.281956601660098e-06,7.216072929051057e-07,9.999993996436103
859,0.9999992912863165,5.187579043423898e-06,7.087136837763525e-07,9.999994103707271
860,0.9999993039495442,5.0948878145628875e-06,6.960504561101496e-07,9.999994209061727
861,0.9999993163865067,5.003852783934668e-06,6.836134934885826e-07,9.99999431253372
862,0.9999993286012472,4.914444358775514e-06,6.713987530448424e-07,9.999994414156886
863,0.9999993405977361,4.826633475080746e-06,6.594022641490461e-07,9.999994513964259
864,0.9999993523798731,4.740391588156983e-06,6.476201271175379e-07,9.999994611988283
865,0.9999993639514884,4.655690663343206e-06,6.360485119452525e-07,9.999994708260823
866,0.9999993753163432,4.572503166897609e-06,6.246836570607263e-07,9.999994802813175
867,0.9999993864781321,4.490802057047287e-06,6.135218681033539e-07,9.999994895676075
868,0.9999993974404835,4.410560775197838e-06,6.025595167224915e-07,9.999994986879708
869,0.9999994082069609,4.331753237300039e-06,5.917930393980177e-07,9.999995076453724
870,0.999999418781064,4.254353825370763e-06,5.812189362819657e-07,9.999995164427238
871,0.9999994291662302,4.178337379165417e-06,5.708337700608552e-07,9.999995250828851
872,0.9999994393658355,4.103679187999155e-06,5.606341648383489e-07,9.999995335686648
873,0.9999994493831953,4.030354982714244e-06,5.506168050378742e-07,9.999995419028213
874,0.999999459221566,3.958340927790941e-06,5.407784343248524e-07,9.999995500880638
875,0.9999994688841457,3.887613613599337e-06,5.311158545481834e-07,9.999995581270532
876,0.9999994783740755,3.81815004878964e-06,5.21625924700645e-07,9.999995660224027
877,0.9999994876944404,3.7499276528184297e-06,5.123055598978656e-07,9.999995737766788
878,0.9999994968482698,3.6829242486084464e-06,5.031517303755411e-07,9.999995813924022
879,0.9999995058385397,3.6171180553395344e-06,4.941614605045681e-07,9.999995888720484
880,0.9999995146681724,3.5524876813683945e-06,4.853318278237747e-07,9.99999596218049
881,0.9999995233400382,3.4890121172748446e-06,4.7665996208993346e-07,9.99999603432792
882,0.9999995318569559,3.426670729032327e-06,4.681430443447484e-07,9.999996105186225
883,0.9999995402216942,3.365443251300445e-06,4.597783059985124e-07,9.999996174778442
884,0.9999995484369723,3.305309780837342e-06,4.515630279301377e-07,9.99999624312719
885,0.9999995565054606,3.246250770029791e-06,4.434945396032659e-07,9.99999631025469
886,0.999999564429782,3.1882470205388855e-06,4.3557021819817106e-07,9.99999637618276
887,0.9999995722125125,3.1312796770592655e-06,4.277874877591739e-07,9.999996440932835
888,0.9999995798561818,3.0753302211898542e-06,4.2014381835728896e-07,9.99999650452596
889,0.9999995873632749,3.0203804654141094e-06,4.1263672526783335e-07,9.999996566982809
890,0.999999594736232,2.9664125471878346e-06,4.052637681627298e-07,9.999996628323684
891,0.9999996019774499,2.9134089231326274e-06,3.980225503172409e-07,9.999996688568526
892,0.9999996090892823,2.8613523633330783e-06,3.909107178308769e-07,9.999996747736919
893,0.9999996160740413,2.8102259457358656e-06,3.839259588622247e-07,9.999996805848095
894,0.9999996229339972,2.760013050648925e-06,3.7706600287744755e-07,9.999996862920947
895,0.9999996296713802,2.710697355338907e-06,3.7032861991221285e-07,9.999996918974025
896,0.9999996362883803,2.662262828725168e-06,3.637116198468072e-07,9.999996974025551
897,0.9999996427871485,2.614693726168562e-06,3.5721285169420356e-07,9.999997028093421
898,0.9999996491697972,2.567974584353353e-06,3.508302029008488e-07,9.999997081195213
899,0.9999996554384014,2.5220902162605677e-06,3.4456159865994416e-07,9.999997133348185
900,0.9999996615949989,2.477025706231171e-06,3.3840500123699627e-07,9.999997184569292
901,0.9999996676415908,2.4327664051174456e-06,3.3235840930741874e-07,9.999997234875185
902,0.9999996735801427,2.3892979255210084e-06,3.264198573059687e-07,9.999997284282216
903,0.9999996794125853,2.3466061371159125e-06,3.2058741478780796e-07,9.999997332806448
904,0.9999996851408143,2.304677162055315e-06,3.1485918580098036e-07,9.999997380463652
905,0.9999996907666918,2.2634973704602176e-06,3.092333082701012e-07,9.99999742726932
906,0.9999996962920467,2.223053375988812e-06,3.0370795339105864e-07,9.99999747323867
907,0.999999701718675,2.1833320314849943e-06,2.982813250365307e-07,9.999997518386643
908,0.9999997070483408,2.1443204247046267e-06,2.929516591721239e-07,9.999997562727915
909,0.9999997122827767,2.106005874118166e-06,2.8771722328294397e-07,9.999997606276901
910,0.9999997174236842,2.0683759247882856e-06,2.825763158104131e-07,9.999997649047758
911,0.9999997224727344,2.031418344321159e-06,2.7752726559914913e-07,9.99999769105439
912,0.9999997274315686,1.995121118890082e-06,2.7256843135372793e-07,9.99999773231045
913,0.9999997323017988,1.9594724493301454e-06,2.6769820110515245e-07,9.99999777282935
914,0.9999997370850082,1.9244607473026876e-06,2.6291499168685453e-07,9.999997812624262
915,0.9999997417827516,1.8900746315282793e-06,2.582172482200589e-07,9.999997851708121
916,0.9999997463965562,1.8563029240870167e-06,2.536034436083434e-07,9.999997890093633
917,0.9999997509279218,1.8231346467849203e-06,2.4907207804122924e-07,9.999997927793276
918,0.9999997553783213,1.7905590175852588e-06,2.446216785066418e-07,9.999997964819304
919,0.9999997597492015,1.7585654471036367e-06,2.4025079831208186e-07,9.999998001183755
920,0.9999997640419832,1.7271435351657065e-06,2.3595801661435316e-07,9.999998036898448
921,0.9999997682580619,1.6962830674263892e-06,2.317419379576919e-07,9.999998071974995
922,0.9999997723988081,1.6659740120494997e-06,2.2760119182014924e-07,9.999998106424796
923,0.9999997764655678,1.6362065164467009e-06,2.235344321680788e-07,9.99999814025905
924,0.999999780459663,1.6069709040747258e-06,2.195403370185844e-07,9.999998173488757
925,0.999999784382392,1.5782576712898266e-06,2.1561760800978572e-07,9.999998206124719
926,0.99999978823503,1.5500574842584265e-06,2.1176496997876267e-07,9.999998238177543
927,0.9999997920188294,1.522361175922973e-06,2.0798117054704055e-07,9.99999826965765
928,0.9999997957350202,1.495159743022004e-06,2.0426497971348186e-07,9.999998300575275
929,0.9999997993848104,1.4684443431634596e-06,2.0061518945445215e-07,9.999998330940464
930,0.9999998029693865,1.4422062919502856e-06,1.9703061333112994e-07,9.999998360763092
931,0.9999998064899137,1.4164370601573991e-06,1.9351008610383315e-07,9.99999839005285
932,0.9999998099475365,1.3911282709590935e-06,1.9005246335323661e-07,9.999998418819262
933,0.9999998133433787,1.3662716972059837e-06,1.866566211083577e-07,9.999998447071677
934,0.9999998166785443,1.3418592587506082e-06,1.8332145548118876e-07,9.99999847481928
935,0.9999998199541175,1.3178830198208152e-06,1.8004588230785803e-07,9.999998502071092
936,0.999999823171163,1.2943351864400813e-06,1.7682883679620217e-07,9.99999852883597
937,0.9999998263307266,1.271208103893923e-06,1.736692731796357e-07,9.999998555122616
938,0.9999998294338354,1.2484942542415796e-06,1.7056616437720538e-07,9.999998580939575
939,0.999999832481498,1.2261862538721545e-06,1.6751850165971812e-07,9.999998606295238
940,0.9999998354747054,1.2042768511044248e-06,1.64525294321835e-07,9.999998631197847
941,0.9999998384144303,1.1827589238295374e-06,1.6158556936002376e-07,9.9999986556555
942,0.9999998413016286,1.1616254771958226e-06,1.5869837115626594e-07,9.999998679676144
943,0.9999998441372385,1.1408696413349785e-06,1.558627611674151e-07,9.99999870326759
944,0.999999846922182,1.1204846691288806e-06,1.5307781762010582e-07,9.999998726437505
945,0.9999998496573644,1.100463934016296e-06,1.5034263521111374e-07,9.999998749193423
946,0.9999998523436748,1.0808009278387854e-06,1.4765632481306975e-07,9.99999877154274
947,0.9999998549819865,1.0614892587250946e-06,1.4501801318543222e-07,9.999998793492722
948,0.999999857573157,1.0425226490133483e-06,1.4242684269062354e-07,9.999998815050501
949,0.9999998601180287,1.023894933210368e-06,1.3988197101523874e-07,9.999998836223089
950,0.9999998626174288,1.0056000559874545e-06,1.3738257089623543e-07,9.999998857017365
951,0.9999998650721699,9.876320702119805e-07,1.3492782985201617e-07,9.999998877440092
952,0.9999998674830498,9.69985135014154e-07,1.3251694991831574e-07,9.999998897497907
953,0.9999998698508523,9.526535138883254e-07,1.3014914738880754e-07,9.999998917197331
954,0.9999998721763471,9.356315728282202e-07,1.2782365256034483e-07,9.999998936544767
955,0.9999998744602902,9.1891377849549e-07,1.255397094827538e-07,9.999998955546504
956,0.9999998767034239,9.024946964209889e-07,1.2329657571309757e-07,9.99999897420872
957,0.9999998789064776,8.863689892381884e-07,1.2109352207433058e-07,9.999998992537481
958,0.9999998810701672,8.705314149481578e-07,1.1892983241826559e-07,9.999999010538746
959,0.9999998831951963,8.549768252155456e-07,1.1680480339277579e-07,9.999999028218365
960,0.9999998852822555,8.397001636950084e-07,1.1471774421315655e-07,9.999999045582086
961,0.9999998873320233,8.246964643875418e-07,1.126679764375724e-07,9.999999062635554
962,0.9999998893451659,8.099608500261823e-07,1.1065483374651631e-07,9.999999079384311
963,0.9999998913223379,7.954885304905506e-07,1.0867766172620959e-07,9.999999095833804
964,0.9999998932641819,7.812748012497262e-07,1.067358176558718e-07,9.999999111989377
965,0.9999998951713293,7.673150418329427e-07,1.0482867029879184e-07,9.999999127856283
966,0.9999998970443998,7.536047143276096e-07,1.0295559969713214e-07,9.99999914343968
967,0.9999998988840025,7.401393619041704e-07,1.011159969703991e-07,9.999999158744636
968,0.9999999006907354,7.269146073673193e-07,9.930926411751464e-08,9.999999173776123
969,0.9999999024651857,7.139261517331037e-07,9.753481382242406e-08,9.999999188539029
970,0.9999999042079302,7.011697728314517e-07,9.579206926317747e-08,9.999999203038152
971,0.9999999059195355,6.886413239336686e-07,9.408046392442241e-08,9.999999217278207
972,0.999999907600558,6.763367324044578e-07,9.239944141324685e-08,9.999999231263821
973,0.9999999092515441,6.642519983780272e-07,9.074845527831271e-08,9.999999244999541
974,0.9999999108730306,6.523831934578499e-07,8.912696883222094e-08,9.999999258489833
975,0.9999999124655445,6.40726459439659e-07,8.753445497705073e-08,9.99999927173908
976,0.9999999140296035,6.292780070572584e-07,8.597039603301584e-08,9.999999284751592
977,0.999999915565716,6.180341147507434e-07,8.443428357018246e-08,9.999999297531597
978,0.9999999170743813,6.069911274567322e-07,8.292561824319401e-08,9.999999310083249
979,0.9999999185560899,5.961454554202109e-07,8.144390962894896e-08,9.999999322410629
980,0.9999999200113235,5.854935730276102e-07,7.998867606717902e-08,9.999999334517744
981,0.999999921440555,5.750320176607323e-07,7.855944450387584e-08,9.999999346408531
982,0.9999999228442492,5.647573885711547e-07,7.71557503375154e-08,9.999999358086855
983,0.9999999242228623,5.546663457747473e-07,7.577713726802996e-08,9.99999936955651
984,0.9999999255768425,5.447556089659413e-07,7.442315714847855e-08,9.999999380821228
985,0.9999999269066298,5.35021956451398e-07,7.309336983936794e-08,9.999999391884668
986,0.9999999282126565,5.254622241027311e-07,7.178734306557634e-08,9.999999402750428
987,0.9999999294953473,5.160733043279408e-07,7.05046522758338e-08,9.999999413422039
988,0.9999999307551191,5.068521450612276e-07,6.924488050471317e-08,9.99999942390297
989,0.9999999319923814,4.977957487708539e-07,6.800761823708721e-08,9.99999943419663
990,0.9999999332075363,4.889011714847357e-07,6.67924632750074e-08,9.999999444306361
991,0.999999934400979,4.801655218334421e-07,6.55990206069614e-08,9.999999454235454
992,0.9999999355730973,4.715859601102969e-07,6.442690227946658e-08,9.999999463987134
993,0.9999999367242723,4.631596973482722e-07,6.327572727095794e-08,9.999999473564571
994,0.9999999378548783,4.548839944133775e-07,6.214512136792932e-08,9.99999948297088
995,0.9999999389652826,4.4675616111424697e-07,6.103471704328772e-08,9.999999492209117
996,0.9999999400558464,4.3877355532763714e-07,5.994415333688124e-08,9.999999501282286
997,0.9999999411269239,4.3093358213954977e-07,5.887307573816161e-08,9.999999510193337
998,0.9999999421788636,4.2323369300170123e-07,5.782113607094337e-08,9.999999518945167
999,0.9999999432120072,4.1567138490306397e-07,5.678799238022218e-08,9.999999527540618
